,avg,std
0,1.9653119337302614,4.5095564474353536
1,1.9844680300284754,4.458746623805331
2,2.032228837690914,4.415440382814948
3,2.1095003882992494,4.38972163739097
4,2.1207610665286047,4.356765352785868
5,2.2192596427646905,4.361460398336508
6,2.351799119855035,4.341818308878773
7,2.4917162826818533,4.331389291219408
8,2.6699456381050997,4.311072160834337
9,2.8611183018379496,4.280514398122979
10,3.0569505565622572,4.248173333369143
11,3.2677970489257055,4.243478465621314
12,3.4757960134610406,4.2620749246139455
13,3.575718353611183,4.284220316197966
14,3.867460522909656,4.3203082491021005
15,4.184442143411856,4.370170607624014
16,4.601863836396583,4.452780025567286
17,5.096427646906549,4.4869466010939005
18,5.636681335749418,4.507036585955423
19,6.208775563033911,4.524907983824568
20,6.770385710587626,4.529059738940809
21,7.096686513072742,4.597278499921725
22,7.641340926740875,4.669828079601713
23,8.150271809474502,4.745647138732966
24,8.664897747864353,4.822522182480917
25,9.185348174993528,5.073043750890348
26,9.74708775563034,5.331561808411986
27,10.389723013202174,5.5278873633088965
28,11.218353611183018,5.75737590892835
29,11.983950297696092,6.119992761016126
30,13.249417551126069,6.4964433246933275
31,14.72806109241522,6.9660771196462035
32,16.57908361377168,7.593588824721312
33,18.96893606005695,8.235472423524074
34,21.576365519026663,8.832482208016556
35,24.19414962464406,9.188330506385308
36,26.442920010354648,9.214842497445455
37,27.72624902925188,9.072464168895465
38,27.74320476313746,8.991471483697914
39,26.321382345327464,9.132024192931395
40,23.77155060833549,9.307123376082808
41,20.496893606005695,9.251549921897237
42,17.37742687030805,8.934088785888704
43,14.911208904996117,8.596147218277224
44,13.187419104323064,8.451063751495031
45,12.311933730261455,8.549184946838698
46,11.984726896194667,8.784798764417747
47,12.09280352057986,9.118673253249563
48,12.60755889205281,9.601132193358469
49,13.526274915868497,10.336295601199792
50,14.677323323841573,11.161572927026306
51,16.104452498058503,12.112803073438087
52,17.66140305462076,13.213005493028433
53,19.376650271809474,14.436126680025707
54,21.31633445508672,15.766706512361022
55,23.64147035982397,17.190256019204252
56,26.23297954957287,18.74860815201887
57,29.35555267926482,20.48804699034034
58,32.981620502200364,22.456202922949934
59,37.58037794460264,24.706916745900223
60,43.34895159202692,27.285314371290227
61,50.387134351540254,30.272618171708288
62,58.90370178617655,33.64898975121489
63,69.04957287082578,37.494060300314004
64,81.2386746052291,41.9105556898614
65,95.57960134610407,47.08280628674189
66,112.52498058503754,53.09215765141993
67,132.20049184571576,60.024740819940554
68,154.41793942531712,67.71526156962604
69,179.13901113124516,75.91106209191078
70,206.2979549572871,84.59964960256681
71,236.18379497799637,93.94728048554947
72,269.50815428423505,104.27176117928826
73,307.2705151436707,115.58812270829682
74,351.5852964017603,127.79483242130503
75,404.78954180688584,141.58220148283112
76,470.1412114936578,158.54156724640677
77,549.9207869531452,179.38317152525244
78,647.1856070411598,205.87527163506854
79,768.2980843903701,244.44665372462993
80,927.4157390629044,306.2466577070424
81,1145.4358011907843,396.85183433869855
82,1447.0317111053585,498.53235718568504
83,1833.28721201139,570.0947237119578
84,2299.893606005695,568.9575457916856
85,2842.3762619725603,499.2461089984021
86,3425.695573388558,392.55953148648183
87,3900.3593062386744,236.78173062613033
88,4014.838079213047,185.73506026483412
89,3579.276210199327,409.82680761530884
90,2709.9668651307275,553.7065275518881
91,1816.202174475796,555.1799472038826
92,1156.660367589956,462.1410071446477
93,756.5947450168263,363.00183026950737
94,524.0636810768832,282.3570424824105
95,373.53494693243596,218.86363083657298
96,261.3564587108465,171.95058570260144
97,181.68405384416258,138.1881929579325
98,133.49119855034948,115.14845559752474
99,105.08464923634482,100.01719412069751
100,88.26197256018638,88.48795405524713
101,77.49223401501423,78.9885574785008
102,69.75938389852446,72.91356704845217
103,63.41625679523686,68.00465497587693
104,58.19414962464406,60.70960227494878
105,53.73725084131504,53.576923656910424
106,50.18172404866684,49.168363195781325
107,47.546466476831476,46.29467403742903
108,45.57442402278022,43.68107818648027
109,44.331866425058244,40.998906267155995
110,43.840797307791874,38.017902136003606
111,44.28177582190008,34.701820658015464
112,45.75394770903443,31.31952944231551
113,48.28255242039865,28.35164846173552
114,52.179911985503495,26.766736503772854
115,57.00025886616619,27.178735538613772
116,62.548019673828634,29.40841266152673
117,68.73958063681077,32.94689369771324
118,75.33497281905255,37.4014038906011
119,82.67201656743464,42.36317667532888
120,91.06665803779445,47.68130062283312
121,100.91120890499612,53.39113107256666
122,113.00595392182242,59.66724941820945
123,127.79937872120114,67.23090389968554
124,145.82202951074294,76.19727612429641
125,167.43618949003366,86.00864903728029
126,192.05785658814392,95.58286603158777
127,216.94240227802226,103.66209453439737
128,237.71330572094226,109.9995104901517
129,248.43101216670982,115.6022736609189
130,241.21408231944085,118.8964650025014
131,215.28074035723532,117.41977508900494
132,178.467641729226,109.5012859960824
133,140.40706704633703,94.13791495797636
134,109.35270515143671,74.14641178326993
135,88.93631892311674,55.56608250398387
136,78.17628785917681,41.518531920973295
137,74.48110276986797,33.35484651124656
138,75.4673828630598,30.613578833049203
139,79.21990680818017,31.567680124877537
140,84.26184312710329,34.60165178736276
141,89.40952627491586,38.80237979254463
142,93.78617654672534,43.992207973322046
143,97.45560445249806,50.25967550811069
144,101.41146777116231,57.69824623802098
145,107.19104323064975,66.53674934759528
146,116.47100698938648,76.93599395689797
147,129.6828889464147,88.67844621689513
148,146.483820864613,101.33153596436166
149,165.80869790318405,114.38774274062779
150,185.90240745534558,127.02534924032855
151,205.03184053844163,138.64965717798142
152,222.44201397877296,148.9006332829409
153,238.60354646647684,157.25274288239518
154,254.6599792907067,163.10364206249577
155,271.6497540771421,166.03471025945674
156,289.2024333419622,166.26218943215144
157,305.63486927258606,163.87190315241034
158,318.2573129691949,159.03983453823136
159,323.58956769350243,152.31276641924583
160,319.9760548796272,144.4792431171697
161,307.4065493140047,135.44189956577975
162,287.81491069117266,124.55062550019062
163,265.1478125808957,111.97477573537736
164,242.83782034688068,98.70080967398184
165,222.4543101216671,86.1009537643115
166,204.6633445508672,75.38608311355505
167,188.9776080766244,66.93806674435376
168,174.82850116489774,60.45569012980548
169,161.68159461558375,55.64707574462071
170,149.07274139269998,52.176013761393776
171,136.7975666580378,49.56061065172136
172,125.00465959099145,47.162811719071634
173,114.07338855811545,44.61235425644246
174,104.40758477866943,41.58478409376163
175,96.33794977996376,38.516118799043404
176,90.02769867978255,35.50101461778773
177,85.22767279316594,32.91457051295661
178,81.61674864095262,30.94882374190901
179,79.26210199326948,29.447563147708724
180,77.9444732073518,28.321279943166463
181,77.37975666580378,27.504899885745726
182,77.64923634480974,26.946057442842474
183,78.8728967123997,26.587926468265696
184,80.90266632151177,26.623477960342846
185,83.86500129433082,27.253197216531603
186,88.0195443955475,28.70853389327558
187,93.52769867978255,31.775070966588356
188,100.93748382086461,36.958685689932274
189,110.58607300025886,43.76772857239812
190,123.13926999741133,51.62896078463253
191,139.47320735179912,60.79524752738356
192,160.92984726896194,71.97585126675023
193,187.75368884286823,83.14747281362334
194,219.54853740616102,92.46612976559395
195,253.9930106135128,99.07460615673268
196,286.3354905513849,103.70128650225338
197,310.6149365777893,106.83020598954202
198,319.68754853740614,112.1628931178513
199,310.15946155837435,123.51351901373413
200,284.2705151436707,135.86038168403553
201,247.79627232720682,141.41614176986027
202,208.8820864612995,138.4504168897145
203,175.08024851151956,127.63208567622007
204,148.53339373543878,112.84728769308612
205,130.4733367848822,98.51539969537349
206,120.63706963499871,89.0229244045533
207,117.3630597980844,85.49575291293026
208,119.26844421434119,86.12079456419347
209,124.60056950556562,88.58163963451089
210,132.2481232202951,88.3941612534158
211,141.89024074553456,83.78839461241421
212,153.69272586073,82.64519266708889
213,168.37341444473208,87.0367435741154
214,186.59332125291223,94.30584179112535
215,208.17551126067823,100.45725384823506
216,231.42712917421693,104.9906091936875
217,251.5591509189749,107.25005707908734
218,265.24773492104583,109.57949998943447
219,268.08943826041934,111.95048621594644
220,260.8484338596945,115.30147290991832
221,246.4373543877815,118.87615792954665
222,228.15519026663216,120.58488434177976
223,210.29666062645612,121.00815296866524
224,195.37393217706446,120.5060414250047
225,184.56277504530158,119.35306190126077
226,177.9966347398395,117.59605208849835
227,175.8105099663474,115.36440177237108
228,176.98149106911725,111.41527031045342
229,181.04530157908363,108.10552158952044
230,187.02096815946155,109.6049601763415
231,194.3466217965312,115.7990192478618
232,202.48433859694538,123.7220689695763
233,210.8429976702045,128.69375227141495
234,219.09681594615583,126.49023028050937
235,227.51151954439555,123.94702366109817
236,236.45534558633187,128.01923862740426
237,245.7349210458193,137.918175495693
238,255.06691690396065,151.05483641356741
239,263.99818793683664,162.0569165788914
240,271.924540512555,166.1446248652589
241,278.7364742428165,162.94481304115706
242,284.3429976702045,155.16444270052295
243,289.4537923893347,151.58054128919605
244,294.26003106393995,154.6861128290048
245,298.6762878591768,158.60406918843282
246,302.7781516955734,158.7021559033705
247,306.35205798602124,158.28954618044972
248,309.4082319440849,159.34730255494165
249,311.67564069376135,159.3860223175873
250,312.8801449650531,160.30553721566616
251,312.6809474501683,161.11653222973567
252,310.5746828889464,159.2497539481178
253,306.77336267149883,157.13021016228214
254,301.41768055915094,155.64833266587402
255,294.5588920528087,154.54070331339938
256,286.08089567693503,153.15889703221447
257,275.9637587367331,150.5763506038582
258,264.4807144706187,151.4052967752254
259,251.9311415997929,152.22852768069015
260,238.40771421175253,150.39540330840336
261,223.87004918457157,145.08336822001468
262,208.47812580895678,142.02272544745588
263,192.33083096039348,142.19115902509904
264,175.45029769609113,141.41154848098233
265,158.03766502718094,137.33780165275283
266,140.4180688584002,132.93152182570785
267,123.22184830442662,127.41415252446038
268,106.43437742687031,113.35975085003604
269,90.74449909396841,96.27184768477962
270,76.62697385451722,82.10083025830406
271,64.03481749935284,75.34169263422119
272,53.13189231167486,75.24617171642393
273,43.63098628009319,75.85632029190016
274,35.355682112347914,72.12723587524584
275,28.09448615066011,62.34815676065336
276,22.132539477090344,51.99468336335278
277,17.19207869531452,40.0349041267246
278,13.187419104323064,29.292102362674406
279,10.24087496764173,26.84120939587993
280,7.832643023556821,31.203657032412337
281,6.018767797048926,33.399127514040245
282,4.611053585296402,26.401316988049818
283,3.3538700491845717,13.191438359243481
284,2.4829148330313227,7.07192116447253
285,1.9466735697644317,5.247437271422293
286,1.5780481491069118,4.151331574299146
287,1.368366554491328,3.305515687667792
288,1.2371214082319442,2.7308648406043767
289,1.1419880921563552,2.3844033043178725
290,1.1093709552161533,2.2861155482902964
291,1.1109241522133058,2.1753906222808044
292,1.1664509448615066,2.118968243117069
293,1.2518767797048926,2.1553636623655943
294,1.4121149365777892,2.270926957643073
295,1.4154801967382864,2.4112598432442893
296,1.730261454827854,2.6443778582673167
297,1.9940460781775822,2.8509374663282188
298,2.4093968418327725,3.1495242007041635
299,2.93398912762102,3.56265494878702
